{
    "accuracy": 0.990063233965673,
    "precision": 0.9880749574105622,
    "recall": 0.9931506849315068,
    "f1_score": 0.9906063193851409,
    "confusion_matrix": {
        "true_negative": 516,
        "false_positive": 7,
        "false_negative": 4,
        "true_positive": 580
    },
    "roc": {
        "auc": 0.9991552947955683,
        "fpr": [
            0.0,
            0.0,
            0.0,
            0.0,
            0.0,
            0.0,
            0.0,
            0.0,
            0.0,
            0.0,
            0.0,
            0.0,
            0.0,
            0.0,
            0.0,
            0.0,
            0.0,
            0.0,
            0.0,
            0.0,
            0.0,
            0.0,
            0.0,
            0.0,
            0.0,
            0.0,
            0.0,
            0.0,
            0.0,
            0.0,
            0.0,
            0.0,
            0.0,
            0.0,
            0.0,
            0.0,
            0.0,
            0.0,
            0.0,
            0.0,
            0.0,
            0.0,
            0.0,
            0.0,
            0.0,
            0.0,
            0.0,
            0.0,
            0.0019120458891013384,
            0.0019120458891013384,
            0.0019120458891013384,
            0.0019120458891013384,
            0.0019120458891013384,
            0.0019120458891013384,
            0.0019120458891013384,
            0.0019120458891013384,
            0.0019120458891013384,
            0.0019120458891013384,
            0.0038240917782026767,
            0.0038240917782026767,
            0.0057361376673040155,
            0.0057361376673040155,
            0.0076481835564053535,
            0.0076481835564053535,
            0.009560229445506692,
            0.009560229445506692,
            0.01338432122370937,
            0.01338432122370937,
            0.015296367112810707,
            0.015296367112810707,
            0.03441682600382409,
            0.03441682600382409,
            0.09177820267686425,
            0.09177820267686425,
            0.16634799235181644,
            0.1701720841300191,
            0.25430210325047803,
            0.25812619502868067,
            1.0
        ],
        "tpr": [
            0.0,
            0.2876712328767123,
            0.3698630136986301,
            0.4092465753424658,
            0.4537671232876712,
            0.4811643835616438,
            0.5068493150684932,
            0.5205479452054794,
            0.5273972602739726,
            0.5325342465753424,
            0.5462328767123288,
            0.5633561643835616,
            0.5684931506849316,
            0.5787671232876712,
            0.583904109589041,
            0.5856164383561644,
            0.5924657534246576,
            0.5976027397260274,
            0.601027397260274,
            0.613013698630137,
            0.6181506849315068,
            0.6215753424657534,
            0.6267123287671232,
            0.6335616438356164,
            0.636986301369863,
            0.6421232876712328,
            0.6455479452054794,
            0.6506849315068494,
            0.6541095890410958,
            0.660958904109589,
            0.6643835616438356,
            0.6678082191780822,
            0.6695205479452054,
            0.672945205479452,
            0.678082191780822,
            0.6815068493150684,
            0.684931506849315,
            0.6883561643835616,
            0.696917808219178,
            0.702054794520548,
            0.7071917808219178,
            0.7106164383561644,
            0.726027397260274,
            0.7294520547945206,
            0.7345890410958904,
            0.738013698630137,
            0.7431506849315068,
            0.7465753424657534,
            0.7465753424657534,
            0.7551369863013698,
            0.7602739726027398,
            0.7636986301369864,
            0.7688356164383562,
            0.803082191780822,
            0.809931506849315,
            0.8202054794520548,
            0.8236301369863014,
            0.9708904109589042,
            0.9708904109589042,
            0.976027397260274,
            0.976027397260274,
            0.9863013698630136,
            0.9863013698630136,
            0.988013698630137,
            0.988013698630137,
            0.9914383561643836,
            0.9914383561643836,
            0.9931506849315068,
            0.9931506849315068,
            0.9965753424657534,
            0.9965753424657534,
            0.9982876712328768,
            0.9982876712328768,
            1.0,
            1.0,
            1.0,
            1.0,
            1.0,
            1.0
        ],
        "thresholds": [
            Infinity,
            1.0,
            0.9999998807907104,
            0.9999997615814209,
            0.9999996423721313,
            0.9999995231628418,
            0.9999994039535522,
            0.9999992847442627,
            0.9999991655349731,
            0.9999990463256836,
            0.999998927116394,
            0.9999986886978149,
            0.9999985694885254,
            0.9999984502792358,
            0.9999983310699463,
            0.9999982118606567,
            0.9999980926513672,
            0.9999979734420776,
            0.9999977350234985,
            0.999997615814209,
            0.9999972581863403,
            0.9999970197677612,
            0.9999969005584717,
            0.9999964237213135,
            0.9999961853027344,
            0.9999960660934448,
            0.9999959468841553,
            0.9999958276748657,
            0.9999953508377075,
            0.999995231628418,
            0.9999948740005493,
            0.9999947547912598,
            0.9999946355819702,
            0.9999942779541016,
            0.9999936819076538,
            0.9999934434890747,
            0.9999932050704956,
            0.999993085861206,
            0.9999922513961792,
            0.9999920129776001,
            0.9999911785125732,
            0.9999909400939941,
            0.9999887943267822,
            0.9999886751174927,
            0.9999878406524658,
            0.9999876022338867,
            0.9999868869781494,
            0.9999867677688599,
            0.9999862909317017,
            0.9999839067459106,
            0.9999836683273315,
            0.9999833106994629,
            0.9999831914901733,
            0.9999743700027466,
            0.9999727010726929,
            0.9999691247940063,
            0.9999690055847168,
            0.994166374206543,
            0.9932085871696472,
            0.9810066819190979,
            0.980510413646698,
            0.934352457523346,
            0.9280816316604614,
            0.9099050760269165,
            0.842835009098053,
            0.7167789936065674,
            0.6561290621757507,
            0.5509109497070312,
            0.3423375189304352,
            0.27955982089042664,
            0.03225799649953842,
            0.030848443508148193,
            0.0005368699203245342,
            0.0004586856812238693,
            4.77362445963081e-05,
            4.641876876121387e-05,
            8.479741154587828e-06,
            8.45143586047925e-06,
            4.798381824493712e-16
        ]
    }
}